{"LastMapName":"Town","PlayerPosition":{"x":0.6654982566833496,"y":0.0066939592361450199,"z":-22.05681610107422},"PlayerRotation":{"x":0.0,"y":0.9041517972946167,"z":0.0,"w":0.42721137404441836}}